{
	"metadata":{
		"formatVersion": 3,
		"fileName"     : "1.json",
		"generatedBy"  : "RaidaJSONExporter",
		"vertices"     : 80,
		"faces"        : 160,
		"normals"      : 64,
		"colors"       : 1
	},
	"materials":[],
	"vertices":[
		-5.000000, -5.000000, 0.000000,
		5.000000, -5.000000, 0.000000,
		-5.000000, -5.000000, 4.500000,
		5.000000, -5.000000, 4.500000,
		-0.000000, -3.000000, 4.500000,
		-0.572427, -2.944882, 4.500000,
		-1.123820, -2.781552, 4.500000,
		-1.633917, -2.516012, 4.500000,
		-2.083975, -2.158020, 4.500000,
		-2.457456, -1.720729, 4.500000,
		-2.740636, -1.220210, 4.500000,
		-2.923110, -0.674853, 4.500000,
		-2.998173, -0.104698, 4.500000,
		-3.000000, 0.000000, 4.500000,
		-5.000000, 5.000000, 4.500000,
		-2.923110, -0.674853, 0.000000,
		-2.998173, -0.104698, 0.000000,
		-2.740636, -1.220210, 0.000000,
		-2.457456, -1.720729, 0.000000,
		-2.083975, -2.158020, 0.000000,
		-1.633917, -2.516012, 0.000000,
		-1.123820, -2.781552, 0.000000,
		-0.572427, -2.944882, 0.000000,
		-0.000000, -3.000000, 0.000000,
		-3.000000, 0.000000, 0.000000,
		-2.998173, 0.104698, 4.500000,
		-2.998173, 0.104698, 0.000000,
		-2.923110, 0.674853, 4.500000,
		-5.000000, 5.000000, 0.000000,
		-2.923110, 0.674853, 0.000000,
		-2.740636, 1.220210, 4.500000,
		-2.740636, 1.220210, 0.000000,
		-2.457456, 1.720729, 4.500000,
		-2.457456, 1.720729, 0.000000,
		-2.083975, 2.158020, 4.500000,
		-2.083975, 2.158020, 0.000000,
		-1.633917, 2.516012, 4.500000,
		-1.633917, 2.516012, 0.000000,
		-1.123820, 2.781552, 4.500000,
		-1.123820, 2.781552, 0.000000,
		-0.572427, 2.944882, 4.500000,
		-0.572427, 2.944882, 0.000000,
		0.000000, 3.000000, 4.500000,
		0.000000, 3.000000, 0.000000,
		0.572427, -2.944882, 0.000000,
		5.000000, 5.000000, 4.500000,
		0.572427, 2.944882, 4.500000,
		5.000000, 5.000000, 0.000000,
		0.572427, 2.944882, 0.000000,
		1.123820, 2.781552, 4.500000,
		1.123820, 2.781552, 0.000000,
		1.633917, 2.516012, 4.500000,
		1.633917, 2.516012, 0.000000,
		2.083975, 2.158020, 4.500000,
		2.083975, 2.158020, 0.000000,
		2.457456, 1.720729, 4.500000,
		2.457456, 1.720729, 0.000000,
		2.740636, 1.220210, 4.500000,
		2.740636, 1.220210, 0.000000,
		2.923110, 0.674853, 4.500000,
		2.923110, 0.674853, 0.000000,
		2.998173, 0.104698, 4.500000,
		2.998173, 0.104698, 0.000000,
		3.000000, -0.000000, 4.500000,
		3.000000, -0.000000, 0.000000,
		2.998173, -0.104698, 4.500000,
		2.998173, -0.104698, 0.000000,
		2.923110, -0.674853, 4.500000,
		2.923110, -0.674853, 0.000000,
		2.740636, -1.220210, 4.500000,
		2.740636, -1.220210, 0.000000,
		2.457456, -1.720729, 4.500000,
		2.457456, -1.720729, 0.000000,
		2.083975, -2.158020, 4.500000,
		2.083975, -2.158020, 0.000000,
		1.633917, -2.516012, 4.500000,
		1.633917, -2.516012, 0.000000,
		1.123820, -2.781552, 4.500000,
		1.123820, -2.781552, 0.000000,
		0.572427, -2.944882, 4.500000
	],
	"morphTargets":[],
	"normals":[
		0.000000, -1.000000, 0.000000,
		0.000000, 0.000000, 1.000000,
		-1.000000, 0.000000, 0.000000,
		0.991445, 0.130526, 0.000000,
		0.999848, 0.017452, 0.000000,
		0.948324, 0.317305, 0.000000,
		0.000000, -0.000000, -1.000000,
		-0.000000, 0.000000, -1.000000,
		0.870356, 0.492424, -0.000000,
		0.870356, 0.492424, 0.000000,
		0.760406, 0.649448, -0.000000,
		0.760406, 0.649448, 0.000000,
		0.622515, 0.782608, -0.000000,
		0.622515, 0.782608, 0.000000,
		0.461749, 0.887011, -0.000000,
		0.461749, 0.887011, 0.000000,
		0.284016, 0.958820, -0.000000,
		0.284016, 0.958820, 0.000000,
		0.095846, 0.995396, -0.000000,
		0.095846, 0.995396, 0.000000,
		0.999848, -0.017452, 0.000000,
		0.000000, -0.000000, 1.000000,
		0.991445, -0.130526, 0.000000,
		0.000000, 0.000000, -1.000000,
		0.948324, -0.317305, 0.000000,
		0.870356, -0.492424, 0.000000,
		0.760406, -0.649448, 0.000000,
		0.622515, -0.782608, 0.000000,
		0.461749, -0.887011, 0.000000,
		0.284016, -0.958820, 0.000000,
		0.095846, -0.995396, 0.000000,
		-0.095846, 0.995396, 0.000000,
		-0.000000, 0.000000, 1.000000,
		-0.000000, 1.000000, 0.000000,
		-0.095846, -0.995396, -0.000000,
		-0.000000, 0.000000, 1.000000,
		0.000000, 1.000000, 0.000000,
		0.000000, 0.000000, -1.000000,
		-0.095846, -0.995396, 0.000000,
		-0.284016, -0.958820, -0.000000,
		-0.284016, -0.958820, 0.000000,
		-0.461749, -0.887011, -0.000000,
		-0.461749, -0.887011, 0.000000,
		-0.622515, -0.782608, -0.000000,
		-0.622515, -0.782608, 0.000000,
		-0.760406, -0.649448, -0.000000,
		-0.760406, -0.649448, 0.000000,
		-0.870356, -0.492424, -0.000000,
		-0.870356, -0.492424, 0.000000,
		-0.948324, -0.317305, -0.000000,
		-0.948324, -0.317305, 0.000000,
		-0.991445, -0.130526, -0.000000,
		-0.991445, -0.130526, 0.000000,
		-0.999848, -0.017452, -0.000000,
		-0.999848, -0.017452, 0.000000,
		1.000000, 0.000000, 0.000000,
		-0.999848, 0.017452, 0.000000,
		-0.991445, 0.130526, 0.000000,
		-0.948324, 0.317305, 0.000000,
		-0.870356, 0.492424, 0.000000,
		-0.760406, 0.649448, 0.000000,
		-0.622515, 0.782608, 0.000000,
		-0.461749, 0.887011, 0.000000,
		-0.284016, 0.958820, 0.000000
	],
	"colors":[
		13816575
	],
	"uvs":[[]],